{
  "scenario_A": {
    "label": "0% perda / 10ms",
    "tcp": [
      300.936157,
      362.0693,
      179.6087,
      364.5157,
      238.3494,
      159.1967,
      141.318931,
      241.007,
      332.247749,
      117.9504,
      119.4285,
      179.3348,
      172.92014,
      206.3411,
      94.1565
    ],
    "rudp": [
      0.010154,
      0.010154,
      0.010154,
      0.010154,
      0.010154,
      0.010154,
      0.010154,
      0.010154,
      0.010154,
      0.010154,
      0.010154,
      0.010154,
      0.010154,
      0.010154,
      0.010154
    ]
  },
  "scenario_B": {
    "label": "5% perda / 50ms",
    "tcp": [
      1.4458,
      1.288469,
      1.237876,
      1.435365,
      1.366853,
      1.3535,
      1.2457,
      1.1563,
      1.3765,
      1.496009,
      1.151043,
      1.206672,
      1.5693,
      1.611971,
      1.2574
    ],
    "rudp": [
      0.055254,
      0.018447,
      0.020996,
      0.020529,
      0.033849,
      0.033135,
      0.022938,
      0.033854,
      0.016918,
      0.019201,
      0.025439,
      0.034141,
      0.025895,
      0.014499,
      0.017611
    ]
  },
  "scenario_C": {
    "label": "10% perda / 100ms",
    "tcp": [
      0.3651,
      0.3904,
      0.363373,
      0.344,
      0.4788,
      0.3765,
      0.418728,
      0.4322,
      0.3774,
      0.4085,
      0.4081,
      0.353974,
      0.355655,
      0.4113,
      0.4054
    ],
    "rudp": [
      0.029996,
      0.020901,
      0.004744,
      0.007536,
      0.006666,
      0.010912,
      0.010115,
      0.014987,
      0.016262,
      0.016103,
      0.006688,
      0.005782,
      0.009734,
      0.011797,
      0.021597
    ]
  }
}